{
    "metrics": {
        "iterations": {
            "rate": 7.409490488416121,
            "count": 230
        },
        "http_req_receiving": {
            "avg": 1.0318832608695654,
            "min": 0,
            "med": 0,
            "max": 12.8877,
            "p(90)": 3.2778000000000014,
            "p(95)": 7.776395
        },
        "http_req_duration{expected_response:true}": {
            "max": 300.4651,
            "p(90)": 272.41578000000004,
            "p(95)": 278.08988,
            "avg": 146.4099128260868,
            "min": 14.6008,
            "med": 145.79205000000002
        },
        "data_received": {
            "count": 809535,
            "rate": 26079.312532782365
        },
        "http_req_waiting": {
            "p(90)": 271.65191000000004,
            "p(95)": 276.56022499999995,
            "avg": 145.21805673913033,
            "min": 12.5912,
            "med": 144.9015,
            "max": 298.9036
        },
        "http_req_sending": {
            "max": 2.9006,
            "p(90)": 0.5542900000000001,
            "p(95)": 0.7191699999999996,
            "avg": 0.1599728260869565,
            "min": 0,
            "med": 0
        },
        "iteration_duration": {
            "med": 1295.22975,
            "max": 2219.3044,
            "p(90)": 1311.2872,
            "p(95)": 1324.92336,
            "avg": 1332.7372456521741,
            "min": 1273.6029
        },
        "http_req_duration": {
            "med": 145.79205000000002,
            "max": 300.4651,
            "p(90)": 272.41578000000004,
            "p(95)": 278.08988,
            "avg": 146.4099128260868,
            "min": 14.6008
        },
        "vus": {
            "value": 1,
            "min": 1,
            "max": 10
        },
        "http_req_tls_handshaking": {
            "avg": 7.061528913043477,
            "min": 0,
            "med": 0,
            "max": 282.8673,
            "p(90)": 0,
            "p(95)": 0
        },
        "vus_max": {
            "value": 10,
            "min": 10,
            "max": 10
        },
        "http_reqs": {
            "count": 460,
            "rate": 14.818980976832242
        },
        "http_req_blocked": {
            "min": 0,
            "med": 0,
            "max": 637.0061,
            "p(90)": 0,
            "p(95)": 0,
            "avg": 19.12691239130435
        },
        "http_req_connecting": {
            "med": 0,
            "max": 277.7261,
            "p(90)": 0,
            "p(95)": 0,
            "avg": 6.296332826086955,
            "min": 0
        },
        "http_req_failed": {
            "passes": 0,
            "fails": 460,
            "value": 0
        },
        "data_sent": {
            "count": 30510,
            "rate": 982.8850208764167
        }
    },
    "root_group": {
        "name": "",
        "path": "",
        "id": "d41d8cd98f00b204e9800998ecf8427e",
        "groups": {},
        "checks": {}
    }
}